{"cameraMode":{"drawMode":0,"name":"Shaded","section":"Shading Mode"},"sceneLighting":true,"audioPlay":false,"sceneViewState":{"m_AlwaysRefresh":false,"showFog":true,"showSkybox":true,"showFlares":true,"showImageEffects":true,"showParticleSystems":true,"showVisualEffectGraphs":true,"m_FxEnabled":true},"in2DMode":false,"pivot":{"x":4.210155487060547,"y":10.173038482666016,"z":-2.3352527618408205},"rotation":{"x":0.15783531963825227,"y":0.46818065643310549,"z":-0.08519647270441055,"w":0.8653910756111145},"size":26.097158432006837,"orthographic":false}